Experience Name,User ID,Date,Associated Soft Skill Block,Results
Problem-Solving Puzzle,Zayne Harding,2023-06-28,Problem-Solving,Validated
Problem-Solving Puzzle,Campbell Owens,2023-02-25,Problem-Solving,Validated
Empathy Odyssey,Frankie Shepherd,2023-03-08,Empathy,Not Validated
Leadership Labyrinth,Isabel Koch,2023-09-04,Leadership,Validated
Problem-Solving Puzzle,Anton Elliott,2023-05-03,Problem-Solving,Validated
Quest for Communication,Zara Fuentes,2023-05-20,Communication,Not Validated
Problem-Solving Puzzle,Charlie Melendez,2022-12-14,Problem-Solving,Validated
Problem-Solving Puzzle,Emery Kennedy,2023-01-21,Problem-Solving,Validated
Problem-Solving Puzzle,Dillan Cardenas,2023-06-15,Problem-Solving,Validated
Quest for Communication,Brody Cabrera,2022-12-28,Communication,Validated
Problem-Solving Puzzle,Lila Daugherty,2023-09-17,Problem-Solving,Validated
Empathy Odyssey,Fernando Montes,2023-03-26,Empathy,Validated
Problem-Solving Puzzle,Jaylen Patton,2023-09-27,Problem-Solving,Validated
Teamwork Trials,Tatum Stephens,2023-01-08,Teamwork,Not Validated
Quest for Communication,Fernando Montes,2022-12-21,Communication,Not Validated
Teamwork Trials,Fernando Montes,2023-01-01,Teamwork,Not Validated
Ultimate Skills Showdown,Tatum Stephens,2023-07-10,All,Not Validated
Teamwork Trials,Charlie Melendez,2023-09-13,Teamwork,Not Validated
Teamwork Trials,Craig Rosario,2023-07-15,Teamwork,Not Validated
Quest for Communication,Fernando Montes,2023-08-21,Communication,Not Validated
Quest for Communication,Lacey Novak,2022-11-25,Communication,Not Validated
Ultimate Skills Showdown,Jakobe Carroll,2023-08-24,All,Validated
Quest for Communication,Charlie Melendez,2023-04-21,Communication,Validated
Problem-Solving Puzzle,Dillan Cardenas,2023-01-08,Problem-Solving,Not Validated
Ultimate Skills Showdown,Brisa Gillespie,2023-04-28,All,Not Validated
Problem-Solving Puzzle,Zara Fuentes,2023-09-23,Problem-Solving,Not Validated
Problem-Solving Puzzle,Harry Benson,2023-02-28,Problem-Solving,Validated
Quest for Communication,Fernando Montes,2022-12-08,Communication,Validated
Ultimate Skills Showdown,Cynthia Gamble,2023-05-14,All,Not Validated
Leadership Labyrinth,Jaylen Patton,2022-10-26,Leadership,Validated
Problem-Solving Puzzle,Lindsay Price,2023-06-10,Problem-Solving,Not Validated
Problem-Solving Puzzle,Dillan Cardenas,2022-11-16,Problem-Solving,Not Validated
Leadership Labyrinth,Dillan Cardenas,2023-06-20,Leadership,Not Validated
Leadership Labyrinth,Charlie Melendez,2023-06-10,Leadership,Validated
Empathy Odyssey,Dillan Cardenas,2023-03-08,Empathy,Validated
Quest for Communication,Craig Rosario,2022-12-20,Communication,Not Validated
Problem-Solving Puzzle,Emery Kennedy,2023-05-02,Problem-Solving,Not Validated
Quest for Communication,Frankie Shepherd,2023-02-04,Communication,Not Validated
Teamwork Trials,Frankie Shepherd,2023-07-09,Teamwork,Validated
Empathy Odyssey,Brisa Gillespie,2023-02-01,Empathy,Not Validated
Problem-Solving Puzzle,Essence Braun,2022-12-17,Problem-Solving,Validated
Teamwork Trials,Tatum Stephens,2022-10-29,Teamwork,Not Validated
Quest for Communication,Brody Cabrera,2023-02-20,Communication,Not Validated
Ultimate Skills Showdown,Isabel Koch,2023-03-18,All,Not Validated
Empathy Odyssey,Brody Cabrera,2023-09-25,Empathy,Validated
Empathy Odyssey,Charlie Melendez,2023-06-15,Empathy,Validated
Quest for Communication,Zayne Harding,2023-01-04,Communication,Validated
Empathy Odyssey,Fernando Montes,2023-07-08,Empathy,Not Validated
Empathy Odyssey,Campbell Owens,2023-10-17,Empathy,Not Validated
Problem-Solving Puzzle,Lindsay Price,2023-01-06,Problem-Solving,Not Validated
